City_ID,City,Lat,Lng,Max Temp,Humidity,Cloudiness,Wind Speed,Country,Date
0,montepuez,-13.1256,38.9997,27.11,46,0,3.33,MZ,1715328557
1,bilibino,68.0546,166.4372,0.11,97,100,1.07,RU,1715328559
2,isafjordur,66.0755,-23.124,4.02,75,75,2.06,IS,1715328560
3,port-aux-francais,-49.35,70.2167,7.68,88,100,19.89,TF,1715328560
4,tolanaro,-25.0319,46.9987,26.32,62,0,7.19,MG,1715328561
5,furukawa,38.5717,140.9556,19.75,41,75,1.86,JP,1715328272
6,edinburgh of the seven seas,-37.0676,-12.3116,15.04,86,100,11.47,SH,1715328564
7,waitangi,-43.9535,-176.5597,8.79,88,100,3.13,NZ,1715328565
8,adamstown,-25.066,-130.1015,22.02,82,52,4.09,PN,1715328565
9,jalai nur,49.45,117.7,14.01,48,100,9.45,CN,1715328566
10,ughelli,5.4899,6.0074,29.52,73,97,1.76,NG,1715328567
11,hawaiian paradise park,19.5933,-154.9731,22.24,97,100,2.06,US,1715328569
12,iqaluit,63.7506,-68.5145,-7.66,95,100,0.73,CA,1715328570
13,port mathurin,-19.6833,63.4167,25.22,77,100,11.0,MU,1715328571
14,carnarvon,-24.8667,113.6333,26.34,56,1,6.11,AU,1715328337
15,jamestown,42.097,-79.2353,10.77,93,100,2.06,US,1715328572
16,cururupu,-1.8283,-44.8683,23.82,97,100,0.99,BR,1715328574
17,grytviken,-54.2811,-36.5092,0.41,89,100,1.47,GS,1715328575
18,blackmans bay,-43.0167,147.3167,13.18,91,74,1.13,AU,1715328576
19,zeya,53.75,127.2667,14.71,29,100,1.92,RU,1715328577
20,kodiak,57.79,-152.4072,-1.27,86,0,2.06,US,1715328577
21,puerto natales,-51.7236,-72.4875,-3.18,96,37,1.13,CL,1715328578
22,egilsstadir,65.2653,-14.3948,6.75,54,100,1.47,IS,1715328579
23,essaouira,31.5125,-9.77,19.1,83,100,4.81,MA,1715328580
24,pucon,-39.2822,-71.9543,5.19,96,100,1.4,CL,1715328581
25,east london,-33.0153,27.9116,22.87,71,3,2.66,ZA,1715328581
26,usogorsk,63.4106,48.6872,-2.41,96,100,0.69,RU,1715328582
27,prado,-17.3411,-39.2208,24.2,91,39,1.8,BR,1715328584
28,brookings,44.3114,-96.7984,10.06,85,0,0.0,US,1715328585
29,guerrero negro,27.9769,-114.0611,14.86,83,85,4.76,MX,1715328586
30,new plymouth,-39.0667,174.0833,9.06,58,0,3.65,NZ,1715328329
31,margaret river,-33.95,115.0667,19.14,85,86,9.56,AU,1715328588
32,port saint john's,-31.6229,29.5448,28.33,40,0,2.96,ZA,1715328589
33,port elizabeth,-33.918,25.5701,20.61,75,10,2.24,ZA,1715328590
34,bredasdorp,-34.5322,20.0403,18.27,40,1,4.52,ZA,1715328591
35,vadso,70.0744,29.7487,0.49,74,75,6.69,NO,1715328592
36,nguigmi,14.2495,13.1092,34.51,22,96,1.53,NE,1715328593
37,vilyuchinsk,52.9306,158.4028,4.4,71,92,3.01,RU,1715328595
38,nar'yan-mar,67.6713,53.087,-1.61,95,100,11.62,RU,1715328596
39,talnakh,69.4865,88.3972,-5.44,76,6,1.19,RU,1715328330
40,chonchi,-42.6128,-73.8092,2.84,90,66,0.31,CL,1715328600
41,saipan,15.1355,145.701,30.39,70,40,7.72,MP,1715328601
42,ust-nera,64.5667,143.2,5.45,75,100,1.39,RU,1715328604
43,constantia,44.1833,28.65,17.61,65,80,8.17,RO,1715328368
44,icano,-28.9193,-65.3282,10.07,58,100,2.1,AR,1715328607
45,novoishimskiy,53.1981,66.7694,10.78,28,5,9.04,KZ,1715328609
46,maturin,9.75,-63.1767,23.79,85,100,1.66,VE,1715328610
47,georgetown,5.4112,100.3354,32.96,70,20,5.14,MY,1715328321
48,mweka,-4.85,21.5667,24.58,86,100,0.83,CD,1715328613
49,alice springs,-23.7,133.8833,21.75,40,40,5.66,AU,1715328401
50,tobelo,1.7284,128.0095,28.27,80,99,1.57,ID,1715328615
51,pisco,-13.7,-76.2167,18.9,94,6,1.54,PE,1715328616
52,xichang,27.8964,102.2634,27.43,34,93,4.91,CN,1715328404
53,shiqian,27.5225,108.2281,20.99,95,100,0.83,CN,1715328618
54,katrineholm,58.9959,16.2072,10.96,38,12,3.38,SE,1715328620
55,tamanrasset,22.785,5.5228,26.95,8,0,2.57,DZ,1715328620
56,uturoa,-16.7333,-151.4333,27.6,75,22,4.49,PF,1715328622
57,puerto ayora,-0.7393,-90.3518,21.97,97,76,1.3,EC,1715328623
58,port lincoln,-34.7333,135.8667,15.0,76,1,4.05,AU,1715328624
59,haiku-pauwela,20.9219,-156.3051,22.8,91,40,1.34,US,1715328625
60,bethel,41.3712,-73.414,10.47,85,100,0.89,US,1715328626
61,sisimiut,66.9395,-53.6735,-5.78,79,7,2.94,GL,1715328628
62,college,64.8569,-147.8028,6.99,78,100,2.06,US,1715328629
63,qaqortoq,60.7167,-46.0333,0.35,79,99,0.85,GL,1715328630
64,diamantino,-14.4086,-56.4461,19.95,66,4,1.55,BR,1715328631
65,quellon,-43.1167,-73.6167,4.8,86,37,1.75,CL,1715328632
66,dudinka,69.4058,86.1778,-5.18,88,6,4.47,RU,1715328635
67,polyarnyy,69.1989,33.4478,-0.13,92,100,6.24,RU,1715328463
68,barra de santo antonio,-9.4047,-35.5072,23.6,77,13,2.19,BR,1715328637
69,mount pearl,47.5166,-52.7813,2.3,95,75,3.09,CA,1715328638
70,ushuaia,-54.8,-68.3,-3.47,92,42,1.49,AR,1715328642
71,ban nong wua so,17.2675,103.2247,34.97,41,100,4.14,TH,1715328643
72,papatowai,-46.5619,169.4708,7.14,84,97,4.2,NZ,1715328644
73,coahuayana de hidalgo,18.7,-103.6583,21.67,89,79,0.92,MX,1715328645
74,olonkinbyen,70.9221,-8.7187,-0.39,77,30,6.28,SJ,1715328647
75,elliot lake,46.3834,-82.6331,3.82,74,6,2.21,CA,1715328648
76,la passe,45.5549,-0.8967,18.34,73,11,3.48,FR,1715328649
77,ribeira grande,38.5167,-28.7,18.22,82,40,5.66,PT,1715328650
78,morondava,-20.2833,44.2833,29.55,46,0,3.12,MG,1715328653
79,nabire,-3.3667,135.4833,27.36,88,93,1.11,ID,1715328406
80,anadyr,64.75,177.4833,-4.72,74,75,2.0,RU,1715328641
81,petropavlovsk-kamchatsky,53.0452,158.6483,3.58,66,75,6.26,RU,1715328656
82,olovyannaya,50.95,115.5667,8.12,66,100,6.57,RU,1715328657
83,barakani,-12.1356,44.4317,27.54,69,28,5.53,KM,1715328659
84,whitehorse,60.7161,-135.0538,4.89,61,8,1.34,CA,1715328660
85,albany,42.6001,-73.9662,11.23,85,100,1.49,US,1715328661
86,atafu village,-8.5421,-172.5159,29.24,75,98,2.64,TK,1715328663
87,terme,41.2092,36.9739,16.96,69,100,2.03,TR,1715328664
88,gainesville,29.6516,-82.3248,25.05,59,100,3.6,US,1715328665
89,malango,-2.9627,119.9001,26.97,67,28,2.07,ID,1715328667
90,sitka,57.0531,-135.33,7.94,81,100,3.6,US,1715328668
91,pangai,-19.8,-174.35,25.58,57,0,4.43,TO,1715328669
92,guixi,28.2886,117.2133,25.97,79,100,1.93,CN,1715328671
93,lauro de freitas,-12.8944,-38.3272,24.01,88,20,1.03,BR,1715328672
94,irymple,-34.25,142.1667,18.38,56,18,3.84,AU,1715328673
95,kegeyli shahar,42.7767,59.6078,20.05,21,100,4.56,UZ,1715328674
96,nuuk,64.1835,-51.7216,-0.66,93,100,6.71,GL,1715328675
97,kampene,-3.6,26.6667,22.75,95,100,0.29,CD,1715328676
98,birine,35.635,3.225,16.94,45,5,2.48,DZ,1715328678
99,raduzhny,62.0961,77.475,2.85,93,100,6.29,RU,1715328679
100,wailua homesteads,22.0669,-159.378,22.44,86,75,5.14,US,1715328679
101,kasongo-lunda,-6.4667,16.8167,30.08,55,62,0.82,CD,1715328680
102,sao joao da barra,-21.6403,-41.0511,23.2,90,10,2.0,BR,1715328681
103,vorkuta,67.5,64.0,1.17,93,100,7.6,RU,1715328682
104,ilulissat,69.2167,-51.1,-6.99,58,20,2.06,GL,1715328683
105,pandan,14.0453,124.1694,30.01,66,59,3.63,PH,1715328684
106,punta arenas,-53.15,-70.9167,-1.94,93,0,3.6,CL,1715328684
107,cabo san lucas,22.8909,-109.9124,24.73,62,3,6.64,MX,1715328685
108,fair oaks ranch,29.7458,-98.6434,24.3,87,75,2.06,US,1715328686
109,troitsko-pechorsk,62.7084,56.1964,2.05,54,100,5.36,RU,1715328687
110,lazaro cardenas,17.9583,-102.2,22.3,87,91,1.32,MX,1715328687
111,hasaki,35.7333,140.8333,23.22,52,1,8.09,JP,1715328688
112,west island,-12.1568,96.8225,26.99,83,100,7.2,CC,1715328689
113,puerto ayacucho,5.6639,-67.6236,24.46,96,99,0.53,VE,1715328690
114,yellowknife,62.456,-114.3525,5.79,82,40,3.09,CA,1715328691
115,stanley,54.868,-1.6985,14.84,85,0,1.03,GB,1715328692
116,as sulayyil,20.4607,45.5779,33.14,20,84,7.44,SA,1715328693
117,island harbour,50.724,-1.2758,18.5,80,100,2.68,GB,1715328693
118,dapa,9.7594,126.0531,29.45,70,19,4.4,PH,1715328694
119,sidi okba,34.7451,5.8983,22.17,38,0,3.39,DZ,1715328695
120,fale old settlement,-9.3852,-171.2468,29.1,72,94,1.76,TK,1715328698
121,murghob,38.1702,73.9667,11.56,31,94,3.33,TJ,1715328699
122,acarau,-2.8856,-40.12,25.03,91,82,4.45,BR,1715328700
123,tefe,-3.3542,-64.7114,24.27,91,99,0.53,BR,1715328701
124,qulsary,46.9531,54.0198,16.93,34,100,2.55,KZ,1715328702
125,coquimbo,-29.9533,-71.3436,12.32,85,1,1.14,CL,1715328703
126,mulayjah,27.271,48.4242,32.68,12,0,4.13,SA,1715328703
127,teixeira,-7.2228,-37.2542,15.94,94,89,2.64,BR,1715328704
128,nsanje,-16.92,35.262,29.48,43,0,1.22,MW,1715328705
129,san jose del guaviare,2.5729,-72.6459,22.6,99,100,1.27,CO,1715328706
130,dunedin,-45.8742,170.5036,7.67,80,71,2.68,NZ,1715328706
131,popondetta,-8.7537,148.2534,24.19,96,100,0.6,PG,1715328707
132,labrador city,52.9463,-66.9114,-3.79,71,0,1.54,CA,1715328708
133,ake-eze,5.9168,7.6762,29.14,74,98,3.01,NG,1715328709
134,arraial do cabo,-22.9661,-42.0278,23.3,89,29,6.34,BR,1715328710
135,kununurra,-15.7667,128.7333,33.99,36,40,5.14,AU,1715328679
136,st. john's,47.5649,-52.7093,2.76,95,100,3.6,CA,1715328712
137,turpan,42.9333,89.1667,35.54,7,6,1.35,CN,1715328415
138,lebu,-37.6167,-73.65,7.78,83,94,1.64,CL,1715328714
139,freetown,8.484,-13.2299,25.84,89,40,3.09,SL,1715328714
140,khamharia,20.9833,82.2667,39.71,21,0,4.58,IN,1715328715
141,avarua,-21.2078,-159.775,27.03,89,75,4.12,CK,1715328716
142,saphane,39.0273,29.2222,19.01,41,87,3.98,TR,1715328717
143,lata,40.1629,-8.3327,20.04,49,16,0.35,PT,1715328718
144,touros,-5.1989,-35.4608,24.37,92,97,4.18,BR,1715328718
145,luderitz,-26.6481,15.1594,16.4,67,0,6.16,NA,1715328719
146,hermanus,-34.4187,19.2345,19.33,69,64,7.97,ZA,1715328720
147,utrik,11.2278,169.8474,27.18,84,89,8.69,MH,1715328721
148,invercargill,-46.4,168.35,8.34,79,100,1.34,NZ,1715328722
149,xinyuan,37.3,99.0,3.74,82,100,0.69,CN,1715328503
150,ulladulla,-35.35,150.4667,15.87,93,100,5.81,AU,1715328724
151,yorkton,51.2167,-102.4677,9.91,53,75,4.12,CA,1715328725
152,brisas de zicatela,15.8369,-97.0419,25.77,71,90,1.68,MX,1715328727
153,huarmey,-10.0681,-78.1522,19.03,90,28,4.47,PE,1715328732
154,villavicencio,4.142,-73.6266,22.16,98,100,0.87,CO,1715328716
155,kikwit,-5.041,18.8162,29.13,63,98,1.45,CD,1715328737
156,praia da vitoria,38.7333,-27.0667,17.09,94,20,3.35,PT,1715328737
157,lihue,21.9789,-159.3672,22.77,83,75,5.14,US,1715328741
158,hithadhoo,-0.6,73.0833,28.6,76,78,3.33,MV,1715328742
159,tiksi,71.6872,128.8694,-1.24,90,100,3.33,RU,1715328743
160,kapa'a,22.0752,-159.319,23.18,86,75,5.14,US,1715328743
161,krasnyy chikoy,50.3643,108.7512,6.58,68,91,9.17,RU,1715328744
162,westport,41.1415,-73.3579,10.99,84,100,6.69,US,1715328745
163,margate,51.3813,1.3862,16.84,71,97,0.45,GB,1715328746
164,clorinda,-25.2848,-57.7185,20.09,88,100,0.5,AR,1715328747
165,nova sintra,14.8667,-24.7167,20.54,74,17,9.48,CV,1715328748
166,fenghua,29.6563,121.4064,22.22,61,100,4.17,CN,1715328749
167,peniche,39.3558,-9.3811,17.27,97,81,2.02,PT,1715328749
168,codrington,-38.2667,141.9667,14.13,90,61,2.23,AU,1715328750
169,kampong thom,12.7111,104.8887,38.72,31,76,1.98,KH,1715328751
170,tezu,27.9167,96.1667,31.55,38,100,1.9,IN,1715328752
171,lukolela,-1.0605,17.1821,25.13,86,100,1.28,CD,1715328753
172,kayangel,8.0823,134.7173,28.86,75,90,3.02,PW,1715328754
173,kavaratti,10.5669,72.642,29.88,68,100,4.42,IN,1715328754
174,mejit,10.2753,170.8646,27.41,84,100,9.1,MH,1715328756
175,crane,31.3974,-102.3501,19.02,80,96,7.06,US,1715328756
176,korla,41.7597,86.1469,28.76,11,0,4.79,CN,1715328462
177,crossville,35.949,-85.0269,15.53,92,65,1.19,US,1715328758
178,mattighofen,48.1031,13.1503,16.86,89,98,0.89,AT,1715328759
179,thompson,55.7435,-97.8558,7.09,93,75,2.57,CA,1715328759
180,minas de marcona,-15.2119,-75.1103,12.92,89,27,4.15,PE,1715328760
181,luganville,-15.5333,167.1667,23.88,72,62,4.12,VU,1715328761
182,gebeit,21.0667,36.3167,33.5,27,2,4.22,SD,1715328762
183,contamana,-7.3333,-75.0167,22.76,100,94,0.49,PE,1715328762
184,clodomira,-27.5744,-64.1311,10.95,61,100,2.24,AR,1715328763
185,afaahiti,-17.75,-149.2833,25.93,80,25,5.39,PF,1715328764
186,ataq,14.5377,46.8319,31.19,26,36,0.7,YE,1715328765
187,ketchikan,55.3422,-131.6461,10.26,93,100,2.57,US,1715328766
188,pangody,65.85,74.4859,1.43,100,100,7.5,RU,1715328767
189,jibia,13.0978,7.2225,33.82,32,88,5.41,NG,1715328767
190,saynshand,44.8824,110.1163,14.01,14,100,14.46,MN,1715328768
191,aweil,8.7682,27.4002,35.43,34,31,2.45,SS,1715328769
192,bolnisi,41.4479,44.5384,15.77,71,100,2.09,GE,1715328770
193,udachny,66.4167,112.4,-4.75,76,100,4.74,RU,1715328771
194,quepos,9.4236,-84.1652,26.71,83,100,1.43,CR,1715328771
195,bubaque,11.2833,-15.8333,27.38,80,42,5.73,GW,1715328773
196,antsiranana,-12.2787,49.2917,29.69,58,0,8.1,MG,1715328775
197,tual,-5.6667,132.75,27.96,82,13,8.12,ID,1715328776
198,olney,39.1532,-77.0669,14.19,92,100,1.54,US,1715328777
199,el calafate,-50.3408,-72.2768,-0.17,88,87,1.72,AR,1715328778
200,santo antonio do ica,-3.1022,-67.9397,23.26,97,61,0.56,BR,1715328778
201,smirnykh,49.75,142.8333,11.44,37,31,4.68,RU,1715328779
202,qamdo,31.1667,97.2333,5.41,57,100,3.99,CN,1715328781
203,kijang,35.2442,129.2139,19.67,52,4,6.93,KR,1715328658
204,nova xavantina,-14.6667,-52.35,18.76,75,1,0.99,BR,1715328782
205,hamilton,39.1834,-84.5333,11.97,93,100,5.66,US,1715328570
206,chibougamau,49.9168,-74.3659,-0.21,93,0,2.06,CA,1715328784
207,altinekin,38.3078,32.8686,20.31,25,82,2.94,TR,1715328785
208,kirov,58.5966,49.6601,-1.34,88,100,5.36,RU,1715328786
209,puerto baquerizo moreno,-0.9,-89.6,22.95,87,100,2.2,EC,1715328786
210,piton saint-leu,-21.2196,55.3151,26.06,61,0,13.89,RE,1715328787
211,salinopolis,-0.6136,-47.3561,26.37,88,99,4.41,BR,1715328788
212,kerikeri,-35.2268,173.9474,9.39,82,0,0.45,NZ,1715328632
213,lent'ekhi,42.7856,42.7261,18.57,54,79,2.24,GE,1715328790
214,hengchun,22.0042,120.7439,26.93,62,2,8.46,TW,1715328553
215,monroe,43.1501,-77.6831,10.33,86,100,2.06,US,1715328791
216,mantua,45.1667,10.7833,21.66,58,6,2.24,IT,1715328689
217,kapuskasing,49.4169,-82.4331,-0.95,93,0,1.03,CA,1715328793
218,fortuna,40.5982,-124.1573,11.48,100,0,5.14,US,1715328794
219,labytnangi,66.6572,66.4183,0.21,99,100,3.78,RU,1715328795
220,gadzhiyevo,69.2551,33.3362,-0.29,94,100,5.97,RU,1715328796
221,holualoa,19.6228,-155.9522,21.91,91,100,2.57,US,1715328797
222,razole,16.4833,81.8333,34.85,50,19,4.85,IN,1715328798
223,jayapura,-2.5333,140.7,23.66,93,100,3.12,ID,1715328246
224,zainsk,55.3195,52.0694,3.55,56,100,9.96,RU,1715328799
225,nadvoitsy,63.8667,34.3167,1.35,66,46,4.7,RU,1715328800
226,aasiaat,68.7098,-52.8699,-13.05,98,75,1.82,GL,1715328801
227,pierre,44.3683,-100.351,12.93,79,75,4.63,US,1715328802
228,riyadh,24.6877,46.7219,32.08,14,0,3.91,SA,1715328802
229,tura,25.5198,90.2201,32.17,37,38,3.63,IN,1715328600
230,smithfield,41.922,-71.5495,9.04,85,100,3.09,US,1715328804
231,besisahar,28.2313,84.3761,29.47,43,77,0.17,NP,1715328805
232,flying fish cove,-10.4217,105.6791,27.82,83,100,4.12,CX,1715328806
233,bay roberts,47.5999,-53.2648,2.96,95,98,0.45,CA,1715328807
234,pingliang,35.5392,106.6861,20.16,48,100,12.46,CN,1715328807
235,tossa de mar,41.7325,2.9338,21.59,33,0,2.6,ES,1715328808
236,miesbach,47.789,11.8338,15.84,62,100,1.78,DE,1715328809
237,sinabang,2.4803,96.3801,28.64,79,100,2.13,ID,1715328810
238,cobija,-11.0267,-68.7692,26.02,76,95,1.03,BO,1715328811
239,bullsbrook,-31.6667,116.0,27.03,50,0,8.75,AU,1715328811
240,san marcos,33.1434,-117.1661,14.9,89,0,0.45,US,1715328812
241,ravar,31.2656,56.8055,22.75,25,0,3.57,IR,1715328813
242,kuching,1.55,110.3333,31.12,79,40,2.68,MY,1715328722
243,kismayo,-0.3582,42.5454,28.96,72,84,5.86,SO,1715328815
244,jedrzejow,50.6394,20.3045,16.34,39,92,1.79,PL,1715328783
245,pariaman,-0.619,100.12,31.03,74,73,2.92,ID,1715328711
246,qionghai,19.2425,110.4642,30.21,66,94,4.84,CN,1715328817
247,wynyard,-41.0,145.7167,14.73,79,79,5.81,AU,1715328818
248,saint-philippe,-21.3585,55.7679,27.77,70,43,6.76,RE,1715328820
249,bodaybo,57.8506,114.1933,5.93,76,100,1.5,RU,1715328821
250,shingu,33.7333,135.9833,19.07,54,0,3.57,JP,1715328687
251,acopiara,-6.0953,-39.4525,22.47,92,100,2.0,BR,1715328822
252,taulaga,-11.0553,-171.0883,29.22,75,100,3.24,AS,1715328823
253,attapeu,14.8,106.8333,40.08,27,27,0.9,LA,1715328689
254,anloga,5.7947,0.8973,29.65,75,100,4.52,GH,1715328824
255,hammerfest,70.6634,23.6821,2.25,93,75,3.6,NO,1715328825
256,laojunmiao,39.8333,97.7333,16.81,23,98,3.93,CN,1715328826
257,barroso,-21.1869,-43.9758,15.53,93,2,1.71,BR,1715328826
258,muli,2.9167,73.5667,29.44,75,49,4.17,MV,1715328827
259,longyearbyen,78.2186,15.6401,0.91,64,75,7.72,SJ,1715328828
260,san patricio,28.017,-97.5169,27.69,94,5,2.51,US,1715328829
261,seguin,29.5688,-97.9647,24.42,87,100,5.14,US,1715328830
262,port alfred,-33.5906,26.891,18.43,97,78,0.45,ZA,1715328830
263,kargil,34.5667,76.1,12.07,29,4,2.53,IN,1715328831
264,san jose del cabo,23.0589,-109.6977,24.87,58,2,2.17,MX,1715328832
265,upington,-28.4478,21.2561,27.21,29,0,6.17,ZA,1715328833
266,tazovsky,67.4667,78.7,0.47,93,100,9.0,RU,1715328834
267,fedorovka,53.6314,62.7078,9.29,29,2,7.82,KZ,1715328835
268,gemena,3.25,19.7667,28.9,64,94,1.93,CD,1715328836
269,nemuro,43.3236,145.575,7.45,83,49,3.98,JP,1715328749
270,nogliki,51.8333,143.1667,4.08,96,98,3.58,RU,1715328838
271,luba,3.4568,8.5547,30.94,77,100,1.95,GQ,1715328839
272,happy valley-goose bay,53.3168,-60.3315,-1.83,86,20,3.6,CA,1715328840
273,trevelin,-43.0858,-71.4639,1.71,98,100,0.33,AR,1715328840
274,cajamarca,-7.1638,-78.5003,11.99,92,97,2.48,PE,1715328841
275,jingdezhen,29.2947,117.2079,25.84,76,100,1.17,CN,1715328842
276,buta,2.7858,24.73,28.44,65,97,0.41,CD,1715328843
277,aral,40.5156,81.2636,31.59,7,0,6.63,CN,1715328844
278,novokayakent,42.3937,47.9861,16.94,63,86,6.24,RU,1715328668
279,roxas,11.5853,122.7511,30.64,58,6,3.37,PH,1715328847
280,sayaxche,16.5167,-90.1667,25.37,86,92,0.16,GT,1715328848
281,saint-joseph,-21.3667,55.6167,27.21,66,19,7.0,RE,1715328848
282,maraba,-5.3686,-49.1178,26.1,94,20,1.54,BR,1715328849
283,marsa alam,25.0757,34.8918,31.51,23,44,2.69,EG,1715328850
284,staritsa,56.5075,34.9354,7.54,58,100,5.16,RU,1715328851
285,luanda,-8.8368,13.2343,28.0,83,100,1.03,AO,1715328673
286,tulun,54.5611,100.5792,14.9,33,91,0.25,RU,1715328853
287,singaraja,-8.112,115.0882,29.04,75,48,2.32,ID,1715328855
288,palu,-0.8917,119.8707,30.02,76,83,1.29,ID,1715328711
289,enoch,37.7733,-113.0244,5.26,93,0,0.0,US,1715328857
290,beatrice,40.2681,-96.747,12.37,87,0,0.0,US,1715328858
291,yuzhno-kurilsk,44.0306,145.8556,11.88,64,27,2.32,RU,1715328859
292,mar del plata,-38.0023,-57.5575,10.49,67,0,2.57,AR,1715328860
293,badger,64.8,-147.5333,6.95,81,100,2.06,US,1715328860
294,reuleuet,5.2167,96.2833,29.75,77,85,1.39,ID,1715328861
295,afonso bezerra,-5.4983,-36.5056,23.96,76,94,2.8,BR,1715328862
296,trzebiatow,54.0615,15.2648,14.47,87,93,4.17,PL,1715328863
297,novyy urengoy,66.0833,76.6333,0.51,100,100,8.26,RU,1715328682
298,al bawiti,28.3492,28.8659,31.19,17,53,4.68,EG,1715328864
299,edson,53.5835,-116.4356,6.08,65,0,1.03,CA,1715328865
300,waycross,31.2136,-82.354,21.14,95,40,2.57,US,1715328865
301,benjamin constant,-4.3831,-70.0311,25.07,99,74,0.8,BR,1715328866
302,hadibu,12.65,54.0333,30.83,64,58,2.26,YE,1715328868
303,kitimat,54.0524,-128.6534,13.84,75,18,1.79,CA,1715328869
304,tadine,-21.55,167.8833,21.88,73,0,6.53,NC,1715328870
305,ancud,-41.8697,-73.8203,7.02,84,23,0.64,CL,1715328871
306,san antonio oeste,-40.7319,-64.9477,10.13,53,6,4.03,AR,1715328871
307,rasht,37.2808,49.5832,22.9,56,40,2.06,IR,1715328873
308,colonia,50.9333,6.95,19.58,70,0,1.03,DE,1715328874
309,laguna,38.421,-121.4238,19.4,66,0,1.54,US,1715328875
310,balkanabat,39.5108,54.3671,25.21,30,0,3.95,TM,1715328875
311,igarka,67.4667,86.5833,-0.55,99,100,5.81,RU,1715328877
312,necochea,-38.5473,-58.7368,7.13,65,80,4.53,AR,1715328878
313,ola,59.5833,151.2833,3.97,84,60,1.52,RU,1715328879
314,rongelap,11.1635,166.8941,27.39,74,100,7.71,MH,1715328881
315,nakhon si thammarat,8.25,100.0,29.0,76,100,2.61,TH,1715328882
316,fukuecho,32.6881,128.8419,21.2,64,20,4.63,JP,1715328883
317,buka,40.8108,69.1986,23.19,58,100,2.02,UZ,1715328884
318,vilyuysk,63.7553,121.6247,-0.56,50,100,4.02,RU,1715328885
319,fortaleza,-3.7227,-38.5247,27.07,94,20,4.12,BR,1715328885
320,isiro,2.7739,27.616,29.67,52,63,2.05,CD,1715328886
321,san clemente del tuyu,-36.3569,-56.7235,4.43,65,56,3.02,AR,1715328888
322,sur,22.5667,59.5289,34.13,40,0,5.46,OM,1715328889
323,grants pass,42.439,-123.3284,16.73,73,0,0.0,US,1715328890
324,kalyandurg,14.5452,77.1055,35.62,30,65,0.45,IN,1715328890
325,albu kamal,34.45,40.9186,30.83,14,98,6.75,SY,1715328891
326,kasimov,54.9411,41.3953,9.53,42,58,8.37,RU,1715328892
327,san sebastian de la gomera,28.0916,-17.1133,23.2,56,0,0.51,ES,1715328893
328,kharp,66.8014,65.8081,-0.16,99,100,6.22,RU,1715328894
329,newman,37.3138,-121.0208,18.31,64,0,1.34,US,1715328895
330,tofol,5.3248,163.0078,28.28,74,100,0.92,FM,1715328896
331,strathmore,51.0501,-113.3852,11.07,54,44,3.6,CA,1715328896
332,kashkhatau,43.3185,43.608,10.31,86,100,2.88,RU,1715328897
333,visegrad,43.7847,19.2992,15.48,78,89,1.72,BA,1715328898
334,bardai,11.65,7.2333,31.96,43,87,5.52,NG,1715328899
335,levuka,50.1834,-105.4011,6.84,65,100,3.77,CA,1715328900
336,nuevitas,21.5453,-77.2644,24.34,87,48,3.14,CU,1715328900
337,al kharj,24.155,47.3346,32.32,14,0,2.51,SA,1715328710
338,klyuchi,52.2667,79.1667,23.28,46,100,6.7,RU,1715328902
339,banda aceh,5.5577,95.3222,28.93,77,95,1.64,ID,1715328543
340,waddan,29.1614,16.139,20.27,44,0,7.88,LY,1715328904
341,weno,7.4515,151.8468,28.97,89,100,3.6,FM,1715328905
342,dwarka,22.2394,68.9678,30.54,69,0,6.2,IN,1715328905
343,tchollire,8.4022,14.1698,36.34,31,49,2.5,CM,1715328906
344,tangalle,6.024,80.7911,30.57,66,100,3.07,LK,1715328907
345,port macquarie,-31.4333,152.9167,17.16,71,75,1.07,AU,1715328834
346,mitu,1.1983,-70.1733,22.79,100,100,1.53,CO,1715328715
347,sao felix do xingu,-6.6447,-51.995,22.24,87,99,0.87,BR,1715328909
348,nadym,65.5333,72.5167,1.65,100,100,5.74,RU,1715328910
349,sechura,-5.5569,-80.8222,20.51,79,100,6.05,PE,1715328911
350,namibe,-15.1961,12.1522,23.85,71,74,2.25,AO,1715328912
351,chernyakhovsk,54.6335,21.8156,9.5,98,100,5.39,RU,1715328912
352,el sauzal de rodriguez,31.9,-116.6833,11.9,78,6,1.76,MX,1715328913
353,richards bay,-28.783,32.0377,27.92,37,0,4.13,ZA,1715328668
354,faya-largeau,17.9257,19.1043,39.45,8,54,6.38,TD,1715328914
355,pontianak,-0.0333,109.3333,32.77,66,75,4.12,ID,1715328800
356,cidreira,-30.1811,-50.2056,16.87,70,100,4.59,BR,1715328916
357,kinchil,20.9167,-89.95,28.04,80,88,3.84,MX,1715328917
358,peschanokopskoye,46.1961,41.0775,15.29,43,0,3.14,RU,1715328918
359,kailua-kona,19.6406,-155.9956,23.98,90,100,2.57,US,1715328919
360,manokwari,-0.8667,134.0833,27.34,84,100,1.68,ID,1715328920
361,azna,33.6095,48.9307,20.13,28,0,1.57,IR,1715328920
362,knyaze-volkonskoye,48.4642,135.4567,17.19,20,100,4.92,RU,1715328921
363,carloforte,39.145,8.3058,17.68,76,100,5.01,IT,1715328922
364,broken hill,-31.95,141.4333,15.06,66,0,4.65,AU,1715328923
365,clearlake,38.9582,-122.6264,16.76,55,0,2.14,US,1715328923
366,qarazhal,48.0078,70.7903,17.77,57,100,5.66,KZ,1715328924
367,tokonou,9.65,-9.7833,23.96,83,77,2.46,GN,1715328925
368,vorgashor,67.5833,63.95,1.0,93,100,7.38,RU,1715328926
369,mandan,46.8267,-100.8896,12.75,67,0,5.14,US,1715328927
370,palikir - national government center,6.9248,158.1611,27.41,89,100,2.06,FM,1715328928
371,tres palos,18.1833,-101.6167,22.26,59,98,1.0,MX,1715328929
372,simanggang,1.2472,111.4528,34.99,59,20,2.06,MY,1715328930
373,daokou,35.5639,114.5058,33.97,27,5,8.62,CN,1715328931
374,selfoss,63.9331,-20.9971,7.25,63,100,3.96,IS,1715328932
375,tshabong,-26.05,22.45,24.38,14,42,7.8,BW,1715328933
376,euclides da cunha,-10.5075,-39.0158,18.0,95,8,0.93,BR,1715328933
377,fort bragg,35.139,-79.006,20.11,90,0,3.6,US,1715328934
378,kerbakhiar,40.1067,46.0383,15.0,56,100,1.47,AZ,1715328935
379,dengzhou,37.8086,120.7508,23.19,40,76,9.08,CN,1715328936
380,mugumu,-1.85,34.7,22.98,68,59,2.53,TZ,1715328936
381,ebaye,8.7748,167.7392,27.79,84,100,9.46,MH,1715328937
382,iskateley,67.6803,53.1512,-1.66,95,100,11.62,RU,1715328938
383,igbeti,8.75,4.1333,29.25,66,100,3.96,NG,1715328939
384,zaozersk,69.4005,32.4476,-0.38,97,100,5.1,RU,1715328939
385,lusambo,-4.9667,23.45,29.71,59,100,1.81,CD,1715328941
386,nuku'alofa,-21.1333,-175.2,21.19,94,75,2.06,TO,1715328942
387,keflavik,64.0049,-22.5624,8.24,61,100,3.6,IS,1715328797
388,villa regina,-39.1,-67.0667,7.55,52,41,3.72,AR,1715328943
389,oguzeli,36.9657,37.5134,23.99,27,0,4.63,TR,1715328944
390,tsiombe,-25.3,45.4833,29.01,43,0,4.24,MG,1715328945
391,benton harbor,42.1167,-86.4542,10.89,89,98,0.45,US,1715328945
392,christchurch,-43.5333,172.6333,10.51,76,75,3.09,NZ,1715328886
393,taro,-8.3862,115.28,25.0,76,71,1.17,ID,1715328947
394,carutapera,-1.195,-46.02,24.63,94,96,1.9,BR,1715328948
395,inhambane,-23.865,35.3833,27.99,65,40,3.09,MZ,1715328949
396,queenstown,-31.8976,26.8753,27.02,26,2,11.66,ZA,1715328950
397,kingston,17.997,-76.7936,27.53,78,20,1.03,JM,1715328951
398,dukhan,25.4297,50.7858,27.87,47,0,7.84,QA,1715328951
399,puerto san jose,13.9256,-90.8244,27.76,75,100,3.03,GT,1715328952
400,kosh-agach,50.0,88.6667,21.84,8,76,1.34,RU,1715328953
401,luau,-10.7073,22.2247,24.77,45,100,1.8,AO,1715328954
402,bandrele,-12.9067,45.1914,30.86,66,40,5.14,YT,1715328954
403,galesong,-5.3166,119.3661,32.01,76,52,2.77,ID,1715328955
404,cortez,37.3489,-108.5859,5.57,66,0,0.0,US,1715328956
405,emerald,-23.5333,148.1667,22.97,60,96,4.94,AU,1715328746
406,lepsy,46.235,78.9456,30.9,20,6,4.76,KZ,1715328957
407,pastos bons,-6.6017,-44.0767,24.04,78,100,2.98,BR,1715328958
408,gua musang,4.8823,101.9644,30.57,82,97,0.57,MY,1715328752
409,sao caetano de odivelas,-0.75,-48.02,24.45,95,88,2.61,BR,1715328960
410,riosucio,5.4216,-75.7032,14.45,100,100,0.38,CO,1715328962
411,champerico,14.3,-91.9167,28.76,73,96,3.16,GT,1715328963
412,peniscola,40.3359,0.3613,22.22,60,83,2.81,ES,1715328964
413,kyabe,9.4515,18.9449,34.87,28,100,2.81,TD,1715328969
414,san felipe,10.3399,-68.7425,23.96,91,100,0.64,VE,1715328975
415,liminka,64.8099,25.4155,5.1,65,100,8.75,FI,1715328976
416,eforie sud,44.0229,28.6494,17.67,66,33,8.09,RO,1715328977
417,arkhangel'sk,64.5401,40.5433,0.06,86,100,4.0,RU,1715328865
418,doembang nangbuat,14.8333,100.1,36.81,40,78,4.1,TH,1715328868
419,saint-omer,50.75,2.1667,18.42,81,97,2.66,FR,1715328979
420,sona,45.4388,10.8255,21.59,41,20,4.12,IT,1715328980
421,mabaruma,8.2,-59.7833,23.57,98,99,1.05,GY,1715328981
422,tavda,58.0425,65.2726,4.83,54,100,3.13,RU,1715328981
423,millerovo,48.9226,40.3967,12.4,30,11,3.15,RU,1715328983
424,sydney,-33.8679,151.2073,18.13,89,75,2.57,AU,1715328397
425,whakatane,-37.9585,176.9854,8.62,81,3,3.79,NZ,1715328984
426,carbonear,47.7332,-53.2148,3.4,91,97,3.33,CA,1715328985
427,maintirano,-18.0667,44.0167,30.38,40,0,0.65,MG,1715328985
428,pacific grove,36.6177,-121.9166,13.99,87,0,1.54,US,1715328986
429,susuman,62.7833,148.1667,6.1,47,83,3.13,RU,1715328987
430,konongo,6.6167,-1.2167,26.82,79,100,1.39,GH,1715328988
431,urucurituba,-2.6833,-57.6667,24.19,95,100,0.94,BR,1715328988
432,djibo,14.1022,-1.6306,34.62,33,0,5.99,BF,1715328989
433,cadale,2.7603,46.3222,31.17,61,38,6.8,SO,1715328990
434,aktobe,50.2797,57.2072,10.05,27,0,5.0,KZ,1715328943
435,lucapa,-8.4192,20.7447,26.84,40,100,2.44,AO,1715328992
436,bel ombre,-4.6167,55.4167,31.91,66,20,7.2,SC,1715328993
437,north bay,46.3168,-79.4663,10.01,53,100,2.57,CA,1715328994
438,dryden,49.7833,-92.7503,9.16,49,100,3.6,CA,1715328995
439,hotan,37.0997,79.9269,33.42,8,8,9.34,CN,1715328996
440,kudahuvadhoo,2.6708,72.8944,29.22,76,37,4.35,MV,1715328997
441,barcelos,41.5388,-8.6151,20.94,62,83,0.85,PT,1715328998
442,lavra,41.2594,-8.7185,21.09,67,0,1.54,PT,1715328998
443,hobyo,5.3505,48.5268,32.45,57,78,3.65,SO,1715328949
444,callao,-12.0667,-77.15,19.84,88,40,3.6,PE,1715329000
445,yaya,56.206,86.44,20.98,43,100,4.9,RU,1715328808
446,frankfurt (oder),52.3471,14.5506,17.38,53,85,1.34,DE,1715329001
447,swan hill,-35.3378,143.5544,14.46,85,100,2.81,AU,1715329002
448,morioka,39.7036,141.1525,15.84,59,100,2.81,JP,1715328326
449,timaru,-44.4,171.25,7.82,73,5,3.13,NZ,1715329003
450,remuna,21.5261,86.8722,34.31,53,3,6.75,IN,1715329004
451,suwayr,30.1171,40.3893,32.52,13,0,7.19,SA,1715329005
452,boa vista,2.8197,-60.6733,22.99,100,75,2.06,BR,1715329006
453,lospalos,-8.5186,127.0025,25.09,83,43,4.53,TL,1715329007
454,barkot,30.8167,78.2,27.22,49,67,2.47,IN,1715329007
455,cabedelo,-6.9811,-34.8339,24.37,84,89,4.8,BR,1715329008
456,albertina,-22.2008,-46.6158,14.62,84,0,2.19,BR,1715329009
457,howrah,22.5892,88.3103,30.0,70,75,3.09,IN,1715328754
458,lezoux,45.8269,3.3792,15.79,67,0,1.54,FR,1715328836
459,ust'-ilimsk,58.0006,102.6619,11.91,35,77,1.79,RU,1715328789
460,enewetak,11.3474,162.3373,27.56,79,100,7.33,MH,1715329012
461,sos'va,59.1766,61.8558,2.81,51,100,5.36,RU,1715329012
462,battambang,13.1027,103.1982,34.66,49,100,1.33,KH,1715329013
463,churapcha,62.0025,132.4325,4.52,41,100,2.32,RU,1715329014
464,eraan,9.0629,117.7016,32.73,57,52,1.79,PH,1715329015
465,road town,18.4167,-64.6167,27.02,76,3,5.49,VG,1715329016
466,corner brook,48.9667,-57.9484,4.09,86,100,2.22,CA,1715329017
467,yeppoon,-23.1333,150.7333,21.88,77,23,6.24,AU,1715329017
468,novaya igirma,57.1334,103.9112,12.08,33,30,2.37,RU,1715329019
469,ta`u,-14.2336,-169.5144,27.94,81,70,3.86,AS,1715329020
470,wick,58.4333,-3.0833,11.03,100,40,1.54,GB,1715329021
471,nanfeng,23.7434,111.7959,27.17,82,96,2.58,CN,1715329023
472,lompoc,34.6391,-120.4579,12.66,95,0,2.06,US,1715329024
473,howard springs,-12.497,131.047,33.32,63,40,1.38,AU,1715329025
474,la sarre,48.8002,-79.1996,2.75,80,5,2.39,CA,1715329026
475,natal,-5.795,-35.2094,24.36,94,40,4.12,BR,1715329027
476,shajiang,26.7825,119.9669,22.35,70,15,0.82,CN,1715329027
477,huancavelica,-12.7667,-74.9833,2.7,90,79,0.29,PE,1715329028
478,mahalapye,-23.1041,26.8142,22.68,29,0,3.01,BW,1715329029
479,san pedro pochutla,15.7333,-96.4667,24.28,72,100,1.21,MX,1715329030
480,bangui,4.3612,18.555,29.1,74,0,4.12,CF,1715329031
481,bridgetown,13.1,-59.6167,27.27,83,20,6.69,BB,1715329032
482,ofunato,39.0717,141.7167,16.75,57,100,2.04,JP,1715329033
483,papao,-17.75,-149.55,26.82,79,12,5.52,PF,1715329034
484,forster,-32.1667,152.5167,16.88,100,100,4.36,AU,1715328908
485,tralee,52.2704,-9.7026,15.14,72,0,1.54,IE,1715329035
486,gulf shores,30.246,-87.7008,27.41,79,75,5.66,US,1715329036
487,santa elena de uairen,4.6167,-61.1333,20.49,96,100,0.91,VE,1715329037
488,prince rupert,54.3161,-130.3201,9.83,91,100,3.09,CA,1715329037
489,tenno,39.9,139.9667,18.56,75,100,4.56,JP,1715329039
490,ormeau,-27.7833,153.2667,20.93,77,41,2.67,AU,1715328974
491,bandar lampung,-5.4254,105.258,30.9,67,71,2.85,ID,1715328541
492,remire-montjoly,4.9167,-52.2667,25.02,100,100,0.0,GF,1715329042
493,kalengwa,-13.4659,25.0027,24.93,39,8,3.25,ZM,1715329043
494,yorosso,12.3536,-4.7761,32.23,41,100,4.99,ML,1715329044
495,taoudenni,22.6783,-3.9836,34.51,7,90,7.69,ML,1715329045
496,raseiniai,55.3736,23.1217,8.84,98,100,5.1,LT,1715329045
497,soc trang,9.6033,105.98,34.07,51,70,6.35,VN,1715328988
498,nantucket,41.2835,-70.0995,9.08,88,100,2.57,US,1715329047
499,newtown,-33.8984,151.1775,17.86,88,75,2.06,AU,1715329022
500,eyl,7.9803,49.8164,31.39,66,74,4.04,SO,1715329049
501,zlocieniec,53.5329,16.0113,13.72,83,99,2.71,PL,1715329049
502,saint-lys,43.5167,1.2,18.96,64,0,6.17,FR,1715328804
503,sokol,59.4617,40.1206,4.71,41,100,7.85,RU,1715329051
504,hargeysa,9.56,44.065,28.86,38,34,2.51,SO,1715328952
505,bayganin,48.6947,55.8742,12.85,32,66,3.4,KZ,1715329052
506,kovdor,67.5662,30.4758,-1.71,85,99,4.23,RU,1715329053
507,belel,7.05,14.4333,26.82,50,90,3.02,CM,1715328763
508,phumi veal sre,10.9808,104.7783,36.6,37,69,1.62,KH,1715329055
509,caldwell,43.6629,-116.6874,14.07,66,75,3.6,US,1715329056
510,itoman,26.1247,127.6694,27.43,53,75,5.66,JP,1715329056
511,helena valley southeast,46.6153,-111.9216,6.63,91,0,0.89,US,1715329057
512,bon-encontre,44.1852,0.6676,17.02,72,0,4.12,FR,1715329058
513,la'ie,21.6477,-157.9253,22.98,88,48,1.79,US,1715329059
514,morant bay,17.8815,-76.4093,27.79,88,62,2.96,JM,1715329060
515,asau,46.4333,26.4,15.71,49,13,2.9,RO,1715329061
516,vanino,49.0869,140.2543,11.63,58,21,1.99,RU,1715329061
517,puerto santa,-8.9906,-78.6456,18.41,92,100,4.84,PE,1715329062
518,belyy yar,53.6039,91.3903,23.94,25,0,4.0,RU,1715329063
519,amga,60.8953,131.9608,5.67,38,100,2.5,RU,1715329064
520,cromwell,41.5951,-72.6454,10.58,91,100,0.0,US,1715329064
521,palmer,42.1584,-72.3287,9.75,79,40,0.45,US,1715329066
522,buala,-8.145,159.5921,26.39,90,100,5.23,SB,1715329067
523,belokurikha,51.9959,84.9896,28.42,29,64,6.81,RU,1715329068
524,aykhal,66.0,111.5,-5.85,83,100,5.08,RU,1715329069
525,port douglas,-16.4833,145.4667,24.14,84,96,6.58,AU,1715329069
526,dobropillya,48.4615,37.0852,12.81,30,11,2.37,UA,1715329070
527,wuyang,31.9925,116.2472,31.43,36,73,2.75,CN,1715329071
528,hami,42.8,93.45,28.26,12,0,1.55,CN,1715329072
529,shimoda,34.6667,138.95,20.61,67,0,4.61,JP,1715329073
530,tazacorte,28.629,-17.9293,20.54,56,0,5.66,ES,1715329074
531,bikenibeu village,1.3673,173.1241,27.98,89,40,1.03,KI,1715329074
532,goris,41.9842,44.1158,18.86,58,97,4.56,GE,1715329075
533,chabahar,25.2919,60.643,30.41,60,0,5.06,IR,1715329076
534,guanica,17.9716,-66.908,26.65,67,0,2.36,PR,1715329077
535,mumford,5.2618,-0.759,29.35,76,100,2.99,GH,1715329078
536,yaren,-0.5472,166.916,29.08,65,85,0.61,NR,1715329079
537,puquio,-14.7,-74.1333,11.97,69,31,1.85,PE,1715329079
538,sangmelima,2.9333,11.9833,25.57,81,93,1.07,CM,1715329080
539,charters towers,-20.1,146.2667,24.21,50,93,3.67,AU,1715329081
540,porto murtinho,-21.6989,-57.8825,17.18,98,2,0.47,BR,1715329082
541,bambanglipuro,-7.95,110.2833,29.62,72,21,6.59,ID,1715329084
542,merizo village,13.2658,144.6691,29.43,87,94,6.56,GU,1715329086
543,nouadhibou,20.931,-17.0347,19.99,77,20,7.2,MR,1715329088
544,sept-iles,50.2001,-66.3821,5.03,71,40,3.09,CA,1715329092
545,salair,54.2312,85.7972,21.8,47,100,4.82,RU,1715329094
546,el granada,37.5027,-122.4694,16.9,76,0,0.45,US,1715329096
547,sarmiento,-45.5882,-69.07,1.97,98,100,5.67,AR,1715329097
548,darwin,-12.4611,130.8418,33.36,57,0,4.12,AU,1715328802
549,ts'alenjikha,42.6044,42.0682,21.8,50,99,1.15,GE,1715329098
550,jobner,26.9667,75.3833,40.68,10,5,6.23,IN,1715328959
551,dauphin,51.1494,-100.0502,10.08,76,75,4.12,CA,1715329100
552,ca mau,9.1769,105.15,34.47,48,62,5.82,VN,1715328895
553,okhotsk,59.3833,143.3,-0.04,99,100,4.55,RU,1715329101
554,kurganinsk,44.88,40.5986,11.77,70,81,5.31,RU,1715329102
555,souillac,-20.5167,57.5167,28.21,61,75,6.69,MU,1715329103
